{"stats":{"minecraft:picked_up":{"minecraft:crafting_table":1,"minecraft:rotten_flesh":6,"minecraft:flint":1,"minecraft:oak_log":26,"minecraft:oak_sapling":2,"minecraft:coal":11,"minecraft:dirt":24,"minecraft:cobblestone":7},"minecraft:killed_by":{"minecraft:creeper":1},"minecraft:mined":{"minecraft:coal_ore":11,"minecraft:grass":1,"minecraft:oak_log":26,"minecraft:cobblestone":2,"minecraft:stone":5,"minecraft:oak_leaves":4,"minecraft:crafting_table":1},"minecraft:used":{"minecraft:oak_log":1,"minecraft:wooden_axe":24,"minecraft:dirt":24,"minecraft:cobblestone":1,"minecraft:crafting_table":1,"minecraft:wooden_pickaxe":19},"minecraft:custom":{"minecraft:time_since_rest":5876,"minecraft:crouch_one_cm":57,"minecraft:walk_one_cm":30937,"minecraft:sprint_one_cm":7371,"minecraft:play_time":7376,"minecraft:damage_taken":310,"minecraft:deaths":1,"minecraft:sneak_time":7,"minecraft:jump":51,"minecraft:damage_dealt":25,"minecraft:leave_game":3,"minecraft:time_since_death":6084,"minecraft:total_world_time":7376,"minecraft:interact_with_crafting_table":2,"minecraft:fall_one_cm":1579,"minecraft:fly_one_cm":4459},"minecraft:crafted":{"minecraft:oak_planks":20,"minecraft:crafting_table":1,"minecraft:stick":4,"minecraft:wooden_pickaxe":1,"minecraft:wooden_axe":1}},"DataVersion":3120}