{"stats":{"minecraft:picked_up":{"minecraft:oak_log":1,"minecraft:dirt":1},"minecraft:killed_by":{"minecraft:wolf":1},"minecraft:mined":{"minecraft:oak_log":1},"minecraft:used":{"tombstone:gift":2},"minecraft:custom":{"minecraft:jump":83,"minecraft:time_since_rest":552,"minecraft:deaths":1,"minecraft:damage_dealt":10,"minecraft:sprint_one_cm":6696,"minecraft:play_time":3657,"minecraft:damage_taken":190,"minecraft:time_since_death":785,"minecraft:walk_one_cm":10124,"minecraft:total_world_time":3657,"minecraft:fall_one_cm":2424,"minecraft:fly_one_cm":10402}},"DataVersion":3120}